Opportunity ID,Rank,Opportunity,Category,Market,Primary Country,Target ICP,Core Problem,Demand /10,Pain /10,Willingness to Pay /10,Recurring Need /10,High-Ticket Potential /10,Advertising Ease /10,Sales Ease /10,Retention Potential /10,Competition /10,MVP Difficulty /10,AI Leverage /10,Global Potential /10,Morocco Potential /10,ROI Clarity /10,Differentiation /10,Overall Score /100,Opportunity Type,Recommendation
SAAS-001,1,Receivables exception desk for industrial distributors,Accounts receivable,Morocco → Global,Morocco,Industrial distributors; 10–75 staff; 200+ credit invoices/month,"Disputed invoices, missing delivery documents and broken payment promises delay cash",9,9,8,9,8,7,7,9,5,8,5,8,9,9,6,80.6,Vertical workflow,BUILD NOW — paid validation/concierge only; gate full MVP
SAAS-005,2,AI-assisted wholesale order intake,Wholesale order operations,Morocco → Global,Morocco,Industrial-parts wholesalers; 20–150 staff; 1000+ orders/month,Email and PDF orders rekeyed with SKU and unit errors,8,8,9,10,9,6,6,9,5,5,9,9,8,9,7,80.5,Vertical workflow,STRONG ALTERNATIVE
SAAS-003,3,Freight proof-of-delivery to invoice exceptions,Logistics and transport,Morocco → Global,Morocco,Road carriers; 10–75 vehicles; dispatcher plus billing clerk,Missing PODs prevent accepted invoices,8,9,8,9,8,6,7,9,6,6,6,8,8,9,7,79.4,Vertical workflow,STRONG ALTERNATIVE
SAAS-002,4,HVAC maintenance proof-to-invoice,Field services,Morocco → Global,Morocco,Commercial HVAC contractors; 5–30 technicians; recurring service contracts,Completed jobs lack signed evidence and remain unbilled,8,8,8,10,7,8,7,9,6,7,4,8,9,9,7,79.1,Vertical workflow,STRONG ALTERNATIVE
SAAS-004,5,Subcontractor variation approval and billing evidence,Construction,Global,UK,MEP subcontractors; 10–100 staff; 3+ simultaneous projects,Unapproved variations and weak evidence cause margin leakage,8,9,8,9,9,8,7,8,6,7,5,8,7,9,7,78.8,Vertical workflow,STRONG ALTERNATIVE
SAAS-006,6,Evidence-linked tender response workspace,RFP and bid management,Global,France,Engineering/IT suppliers; 20–150 staff; 2+ bids/month,Repeated questionnaires consume senior staff time,8,8,8,8,9,7,6,8,5,7,9,9,7,8,6,76.0,Vertical workflow,VALIDATE
SAAS-007,7,Agency scope and margin leakage monitor,Agency professional services,Global,UK,Retainer agencies; 10–50 staff; 15+ active retainers,Scope creep hides loss-making accounts,8,8,7,9,6,7,7,8,5,8,7,9,7,9,6,75.3,Vertical workflow,VALIDATE
SAAS-009,8,Private-school fee reconciliation,Private school finance,Morocco → Africa,Morocco,Private schools; 300–1500 pupils; dedicated bursar,"Cash, transfers and sibling payments fail to reconcile",8,8,7,10,7,6,6,9,5,7,4,6,9,8,7,75.1,Vertical workflow,VALIDATE
SAAS-008,9,Clinic cancellation refill and attendance desk,Healthcare administration,Morocco → Global,Morocco,Physiotherapy/dental groups; 3–15 practitioners; 500+ appointments/month,Cancellations and missed confirmations waste bookable capacity,8,8,7,9,6,8,7,8,5,8,5,7,9,9,6,74.7,Vertical workflow,VALIDATE
SAAS-010,10,Food-factory preventive-maintenance evidence,Manufacturing CMMS,Global,France,Food processors; 30–150 staff; 1–3 sites,Missed inspections and repairs create downtime and poor evidence,8,8,8,10,8,6,5,9,4,6,5,8,7,8,6,74.6,Vertical workflow,VALIDATE
SAAS-015,11,Staffing timesheet-to-invoice reconciliation,Recruitment and staffing operations,Global,UK,Staffing agencies; 10–50 office staff; 100+ active placements,Unsigned timesheets delay billing and create disputes,8,8,8,9,8,6,6,8,5,6,6,8,6,9,6,74.4,Vertical workflow,VALIDATE
SAAS-019,12,Moroccan payroll engine,Payroll,Morocco,Morocco,SMEs; 20–250 staff,Payroll errors and statutory updates,9,9,8,10,7,5,5,10,4,2,3,3,9,8,6,72.8,Category screen,REJECT
SAAS-014,13,Multi-site purchase and AP approval desk,Procurement and accounts payable,Global,France,Distributors/service groups; 30–200 staff; 3+ sites,Unauthorized purchases and missing invoice approvals,8,8,8,9,8,6,5,8,4,6,7,8,7,8,5,72.7,Vertical workflow,VALIDATE
SAAS-011,14,Property maintenance triage and contractor evidence,Property management,Morocco → Global,Morocco,Property managers; 200–1500 units; 5–30 staff,Repair requests lost between tenants and contractors,8,7,7,9,7,7,6,8,5,7,5,8,8,8,6,72.4,Vertical workflow,VALIDATE
SAAS-013,15,MSP customer security-evidence collection,Cybersecurity compliance,Global,UK,MSPs; 10–100 staff; 20+ managed business clients,Repeated evidence gathering slows renewals and audits,8,8,8,9,9,6,5,8,4,5,7,9,5,7,6,72.4,Vertical workflow,VALIDATE
SAAS-033,16,CBAM supplier evidence collection,Trade and carbon compliance,Morocco → Europe,Morocco,Covered metal exporters supplying obligated EU importers,Emissions evidence requests threaten trade relationships,8,9,8,8,9,5,5,8,5,3,6,6,9,7,6,72.1,Category screen,WATCH
SAAS-012,17,Riad group inquiry to deposit workflow,Hospitality and tourism,Morocco → Global,Morocco,Riad groups/DMCs; 3–15 properties or 10–50 staff,Slow multilingual group quotes and missing deposits lose business,8,7,6,8,6,7,7,7,5,8,6,8,9,8,6,71.0,Vertical workflow,VALIDATE
SAAS-016,18,Retail replenishment exceptions,Retail inventory,Morocco → Global,Morocco,Specialty retailers; 3–20 stores,Stockouts and overstock across stores,8,8,7,9,7,5,5,8,4,5,6,8,8,8,5,70.7,Category screen,VALIDATE
SAAS-020,19,COD return and settlement reconciliation,E-commerce operations,Morocco → Africa,Morocco,COD merchants; 1000+ orders/month,Courier settlements and return reasons mismatch,8,8,6,9,6,6,6,7,5,6,6,6,9,9,6,70.5,Category screen,VALIDATE
SAAS-034,20,Auto workshop approval-to-job-card,Automotive repair,Morocco → Africa,Morocco,Independent garages; 5–25 technicians,Unapproved extras and poor parts/job tracking,8,7,6,9,5,6,6,8,5,7,4,7,9,9,6,70.2,Category screen,VALIDATE
SAAS-040,21,SME vendor onboarding and document expiry,Procurement and document management,Global,GCC,Facility groups; 50–250 staff; 100+ vendors,Expired vendor documents block service and procurement,7,7,7,8,8,5,5,8,5,7,6,8,6,7,6,68.9,Category screen,VALIDATE
SAAS-017,22,Restaurant purchasing and recipe-cost variance,Restaurant operations,Morocco → Global,Morocco,Restaurant groups; 3–15 locations,Supplier price changes erode contribution margin,8,8,6,9,6,5,5,7,5,6,5,7,8,9,5,68.7,Category screen,VALIDATE
SAAS-039,23,Full dental practice management,Dental clinical software,Morocco,Morocco,Dental practices; 1–10 dentists,"Scheduling, records and billing fragmentation",9,8,7,10,6,5,5,9,3,2,5,4,8,8,5,68.7,Category screen,REJECT
SAAS-024,24,Generic AI customer-support agent,Customer support and AI agents,Global,USA,Online SMBs; 1000+ tickets/month,Repeated support questions,9,7,7,9,7,3,3,6,2,6,9,10,5,8,3,65.6,Category screen,REJECT
SAAS-027,25,SME contract renewal obligations,Legal and contract management,Global,UK,SMEs; 50–250 staff; 100+ contracts,Missed renewals and obligation deadlines,7,7,7,8,7,4,4,8,4,6,7,8,5,7,5,65.5,Category screen,WATCH
SAAS-028,26,Standalone compliant e-invoicing platform,Invoicing and accounting,Europe,France,VAT-registered SMEs,Mandated electronic invoice exchange,10,8,6,10,6,4,4,9,2,2,4,5,5,8,4,65.4,Category screen,REJECT
SAAS-038,27,Horizontal WhatsApp team inbox,Business communication,Morocco → Global,Morocco,SMBs; 3–20 sales agents,Shared-phone chaos,9,7,5,9,5,5,5,7,2,6,7,8,8,7,3,64.6,Category screen,REJECT
SAAS-030,28,Horizontal workflow automation platform,Workflow automation and iPaaS,Global,USA,SMEs integrating many tools,Repetitive cross-tool tasks,9,7,7,9,7,3,3,7,1,2,8,10,4,8,2,62.8,Category screen,REJECT
SAAS-018,29,SME leave and employee document workflow,HR,Morocco,Morocco,SMEs; 30–150 staff,Leave approvals and personnel files fragmented,8,6,5,8,5,5,5,8,3,8,4,5,8,6,4,61.7,Category screen,WATCH
SAAS-025,30,SMB customer-success health dashboard,Customer success,Global,USA,B2B SaaS; 10–100 staff,Churn signals fragmented,7,7,7,8,7,4,4,7,3,6,6,9,3,5,4,61.7,Category screen,WATCH
SAAS-036,31,Localized employee cyber-awareness training,Cybersecurity training,Morocco → Africa,Morocco,Regulated SMEs; 50–500 employees,Phishing risk and staff training evidence,7,7,6,7,7,4,4,6,4,7,6,7,8,5,5,61.7,Category screen,WATCH
SAAS-021,32,Generic SME CRM,CRM,Global,USA,SMEs; 5–100 staff,Untracked sales follow-ups,10,6,6,9,6,3,3,7,1,6,5,10,4,6,2,61.2,Category screen,REJECT
SAAS-023,33,SMB multi-touch advertising attribution,Advertising analytics,Global,USA,DTC advertisers spending $20000+/month,Conflicting attribution across channels,8,7,7,8,7,4,4,6,3,3,7,9,4,5,4,61.0,Category screen,WATCH
SAAS-022,34,Generic lead database and outbound sequencer,Lead generation and sales automation,Global,USA,Sales teams; 5–50 reps,Prospecting time and weak pipeline,9,7,7,8,7,3,3,5,1,4,6,10,4,7,2,59.7,Category screen,REJECT
SAAS-032,35,Generic project management,Project management,Global,Global,Knowledge-work teams,Task coordination,10,5,5,9,5,3,2,6,1,7,4,10,4,5,2,56.2,Category screen,REJECT
SAAS-031,36,Generic internal-tool builder,Internal tools,Global,USA,Technical SMBs,Slow back-office tool development,8,6,6,8,6,3,3,6,1,3,8,10,3,6,2,56.1,Category screen,REJECT
SAAS-029,37,Generic AI business-intelligence dashboard,BI and reporting,Global,USA,SMEs with spreadsheet reports,Manual reporting,8,5,5,8,5,3,3,5,1,6,8,10,4,5,2,53.9,Category screen,REJECT
SAAS-035,38,Generic learning management platform,Education and LMS,Global,Global,Small training organizations,Course distribution and learner records,8,5,4,7,4,3,3,6,1,7,5,9,5,5,2,51.8,Category screen,REJECT
SAAS-026,39,General appointment scheduling,Scheduling and booking,Global,Global,Freelancers and microbusinesses,Calendar coordination,9,4,3,8,2,3,3,5,1,9,3,10,5,5,2,50.3,Category screen,REJECT
SAAS-037,40,General-purpose autonomous AI employee,AI automation and copilots,Global,USA,Unspecified SMB buyers,Broad admin work,8,5,5,5,5,3,2,3,1,5,10,10,4,3,1,46.5,Category screen,REJECT
