Opportunity ID,Rank,SaaS Category,Example Product,Target Customer,Market,Demand Signal,Growth Signal,Pain,WTP,Recurring Revenue,B2B Potential,High-Ticket Potential,Google Ads Potential,Meta Ads Potential,LinkedIn Potential,SEO Potential,Outbound Potential,Competition,Entry Difficulty,International Scalability,Overall Score,Why Attractive,Main Risk
SAAS-001,1,Accounts receivable,Encaisse Desk,Industrial distributors; 10–75 staff; 200+ credit invoices/month,Morocco → Global,Category spending/capability proxy [S01;S02;S06;S07;S08;S35;S36]; exact niche WTP UNKNOWN,UNKNOWN niche growth; no invented CAGR,"Disputed invoices, missing delivery documents and broken payment promises delay cash",HYPOTHESIS: 8/10,HYPOTHESIS: Monthly or annual subscription,9,8,7,3,4,7,8,5,8,8,80.6,HYPOTHESIS: Frequent workflow with identifiable owner; test incremental value over incumbent,Incumbents already handle disputes and exceptions; local workflow advantage must beat a configured incumbent. No WhatsApp dependency
SAAS-005,2,Wholesale order operations,Order Intake Desk,Industrial-parts wholesalers; 20–150 staff; 1000+ orders/month,Morocco → Global,Category spending/capability proxy [S15;S08]; exact niche WTP UNKNOWN,UNKNOWN niche growth; no invented CAGR,Email and PDF orders rekeyed with SKU and unit errors,HYPOTHESIS: 9/10,HYPOTHESIS: Monthly or annual subscription,9,9,6,2,6,6,8,5,5,9,80.5,HYPOTHESIS: Frequent workflow with identifiable owner; test incremental value over incumbent,ERP integration and unit-of-measure errors; higher MVP cost
SAAS-003,3,Logistics and transport,POD Close,Road carriers; 10–75 vehicles; dispatcher plus billing clerk,Morocco → Global,Category spending/capability proxy [S11;S12]; exact niche WTP UNKNOWN,UNKNOWN niche growth; no invented CAGR,Missing PODs prevent accepted invoices,HYPOTHESIS: 8/10,HYPOTHESIS: Monthly or annual subscription,9,8,6,3,5,6,8,6,6,8,79.4,HYPOTHESIS: Frequent workflow with identifiable owner; test incremental value over incumbent,TMS vendors already bundle POD and invoicing
SAAS-002,4,Field services,Intervention Cash,Commercial HVAC contractors; 5–30 technicians; recurring service contracts,Morocco → Global,Category spending/capability proxy [S09;S10]; exact niche WTP UNKNOWN,UNKNOWN niche growth; no invented CAGR,Completed jobs lack signed evidence and remain unbilled,HYPOTHESIS: 8/10,HYPOTHESIS: Monthly or annual subscription,9,7,8,6,3,7,7,6,7,8,79.1,HYPOTHESIS: Frequent workflow with identifiable owner; test incremental value over incumbent,Mobile adoption and strong localized field-service competition
SAAS-004,5,Construction,Variation Proof,MEP subcontractors; 10–100 staff; 3+ simultaneous projects,Global,Category spending/capability proxy [S13;S14]; exact niche WTP UNKNOWN,UNKNOWN niche growth; no invented CAGR,Unapproved variations and weak evidence cause margin leakage,HYPOTHESIS: 8/10,HYPOTHESIS: Monthly or annual subscription,9,9,8,5,5,8,8,6,7,8,78.8,HYPOTHESIS: Frequent workflow with identifiable owner; test incremental value over incumbent,Contract-specific approval and adversarial buyer incentives
SAAS-006,6,RFP and bid management,Bid Evidence,Engineering/IT suppliers; 20–150 staff; 2+ bids/month,Global,Category spending/capability proxy [S16;S17]; exact niche WTP UNKNOWN,UNKNOWN niche growth; no invented CAGR,Repeated questionnaires consume senior staff time,HYPOTHESIS: 8/10,HYPOTHESIS: Monthly or annual subscription,9,9,7,2,6,7,8,5,7,9,76.0,HYPOTHESIS: Frequent workflow with identifiable owner; test incremental value over incumbent,AI drafting already common; irregular tender frequency
SAAS-007,7,Agency professional services,Margin Guard,Retainer agencies; 10–50 staff; 15+ active retainers,Global,Category spending/capability proxy [S18]; exact niche WTP UNKNOWN,UNKNOWN niche growth; no invented CAGR,Scope creep hides loss-making accounts,HYPOTHESIS: 7/10,HYPOTHESIS: Monthly or annual subscription,9,6,7,5,4,7,8,5,8,9,75.3,HYPOTHESIS: Frequent workflow with identifiable owner; test incremental value over incumbent,Productive and Scoro already offer profitability reporting
SAAS-009,8,Private school finance,Frais Clairs,Private schools; 300–1500 pupils; dedicated bursar,Morocco → Africa,Category spending/capability proxy [S21;S22]; exact niche WTP UNKNOWN,UNKNOWN niche growth; no invented CAGR,"Cash, transfers and sibling payments fail to reconcile",HYPOTHESIS: 7/10,HYPOTHESIS: Monthly or annual subscription,9,7,6,5,3,6,6,5,7,6,75.1,HYPOTHESIS: Frequent workflow with identifiable owner; test incremental value over incumbent,Local competitors; annual sales windows; children data
SAAS-008,9,Healthcare administration,Slot Refill,Physiotherapy/dental groups; 3–15 practitioners; 500+ appointments/month,Morocco → Global,Category spending/capability proxy [S19;S20;S03;S04]; exact niche WTP UNKNOWN,UNKNOWN niche growth; no invented CAGR,Cancellations and missed confirmations waste bookable capacity,HYPOTHESIS: 7/10,HYPOTHESIS: Monthly or annual subscription,9,6,8,7,2,7,6,5,8,7,74.7,HYPOTHESIS: Frequent workflow with identifiable owner; test incremental value over incumbent,Sensitive data even without clinical notes; bundled scheduling
SAAS-010,10,Manufacturing CMMS,Maintenance Evidence,Food processors; 30–150 staff; 1–3 sites,Global,Category spending/capability proxy [S23;S24]; exact niche WTP UNKNOWN,UNKNOWN niche growth; no invented CAGR,Missed inspections and repairs create downtime and poor evidence,HYPOTHESIS: 8/10,HYPOTHESIS: Monthly or annual subscription,9,8,6,2,5,6,7,4,6,8,74.6,HYPOTHESIS: Frequent workflow with identifiable owner; test incremental value over incumbent,Excellent incumbents; implementation-heavy; no downtime guarantees
SAAS-015,11,Recruitment and staffing operations,Timesheet Close,Staffing agencies; 10–50 office staff; 100+ active placements,Global,Category spending/capability proxy [S01]; exact niche WTP UNKNOWN,UNKNOWN niche growth; no invented CAGR,Unsigned timesheets delay billing and create disputes,HYPOTHESIS: 8/10,HYPOTHESIS: Monthly or annual subscription,9,8,6,3,5,6,8,5,6,8,74.4,HYPOTHESIS: Frequent workflow with identifiable owner; test incremental value over incumbent,Payroll boundary and ATS bundling; worker-data security
SAAS-019,12,Payroll,Moroccan payroll engine,SMEs; 20–250 staff,Morocco,Category spending/capability proxy [S02]; exact niche WTP UNKNOWN,UNKNOWN niche growth; no invented CAGR,Payroll errors and statutory updates,HYPOTHESIS: 8/10,HYPOTHESIS: Monthly or annual subscription,9,7,5,3,3,5,5,4,2,3,72.8,HYPOTHESIS: Frequent workflow with identifiable owner; test incremental value over incumbent,"REJECT initial build: compliance, liability, support; not 12-week safe MVP"
SAAS-014,13,Procurement and accounts payable,Approval Desk,Distributors/service groups; 30–200 staff; 3+ sites,Global,Category spending/capability proxy [S08;S15]; exact niche WTP UNKNOWN,UNKNOWN niche growth; no invented CAGR,Unauthorized purchases and missing invoice approvals,HYPOTHESIS: 8/10,HYPOTHESIS: Monthly or annual subscription,9,8,6,2,5,6,7,4,6,8,72.7,HYPOTHESIS: Frequent workflow with identifiable owner; test incremental value over incumbent,ERP bundling; payment controls and implementation
SAAS-011,14,Property management,Repair Desk,Property managers; 200–1500 units; 5–30 staff,Morocco → Global,Category spending/capability proxy [S09]; exact niche WTP UNKNOWN,UNKNOWN niche growth; no invented CAGR,Repair requests lost between tenants and contractors,HYPOTHESIS: 7/10,HYPOTHESIS: Monthly or annual subscription,9,7,7,5,4,7,7,5,7,8,72.4,HYPOTHESIS: Frequent workflow with identifiable owner; test incremental value over incumbent,Bundled property platforms and tenant support load
SAAS-013,15,Cybersecurity compliance,MSP Evidence,MSPs; 10–100 staff; 20+ managed business clients,Global,Category spending/capability proxy [S26]; exact niche WTP UNKNOWN,UNKNOWN niche growth; no invented CAGR,Repeated evidence gathering slows renewals and audits,HYPOTHESIS: 8/10,HYPOTHESIS: Monthly or annual subscription,9,9,6,2,6,7,8,4,5,9,72.4,HYPOTHESIS: Frequent workflow with identifiable owner; test incremental value over incumbent,Security trust hurdle; Vanta/Drata and PSA incumbents
SAAS-033,16,Trade and carbon compliance,CBAM supplier evidence collection,Covered metal exporters supplying obligated EU importers,Morocco → Europe,Category spending/capability proxy [S29]; exact niche WTP UNKNOWN,UNKNOWN niche growth; no invented CAGR,Emissions evidence requests threaten trade relationships,HYPOTHESIS: 8/10,HYPOTHESIS: Monthly or annual subscription,9,9,5,3,3,5,5,5,3,6,72.1,HYPOTHESIS: Frequent workflow with identifiable owner; test incremental value over incumbent,Expert-dependent; scope/exemptions shrink SAM; longer compliant MVP
SAAS-012,17,Hospitality and tourism,Riad Quote,Riad groups/DMCs; 3–15 properties or 10–50 staff,Morocco → Global,Category spending/capability proxy [S25]; exact niche WTP UNKNOWN,UNKNOWN niche growth; no invented CAGR,Slow multilingual group quotes and missing deposits lose business,HYPOTHESIS: 6/10,HYPOTHESIS: Monthly or annual subscription,9,6,7,7,3,7,7,5,8,8,71.0,HYPOTHESIS: Frequent workflow with identifiable owner; test incremental value over incumbent,Seasonality; PMS and OTA integrations; avoid full PMS
SAAS-016,18,Retail inventory,Retail replenishment exceptions,Specialty retailers; 3–20 stores,Morocco → Global,Category spending/capability proxy [S08]; exact niche WTP UNKNOWN,UNKNOWN niche growth; no invented CAGR,Stockouts and overstock across stores,HYPOTHESIS: 7/10,HYPOTHESIS: Monthly or annual subscription,9,7,5,3,3,5,5,4,5,8,70.7,HYPOTHESIS: Frequent workflow with identifiable owner; test incremental value over incumbent,Needs reliable stock data; POS bundling
SAAS-020,19,E-commerce operations,COD return and settlement reconciliation,COD merchants; 1000+ orders/month,Morocco → Africa,Category spending/capability proxy [S11]; exact niche WTP UNKNOWN,UNKNOWN niche growth; no invented CAGR,Courier settlements and return reasons mismatch,HYPOTHESIS: 6/10,HYPOTHESIS: Monthly or annual subscription,9,6,6,3,3,5,5,5,6,6,70.5,HYPOTHESIS: Frequent workflow with identifiable owner; test incremental value over incumbent,Courier APIs and merchant churn; platform dependence
SAAS-034,20,Automotive repair,Auto workshop approval-to-job-card,Independent garages; 5–25 technicians,Morocco → Africa,Category spending/capability proxy [S09]; exact niche WTP UNKNOWN,UNKNOWN niche growth; no invented CAGR,Unapproved extras and poor parts/job tracking,HYPOTHESIS: 6/10,HYPOTHESIS: Monthly or annual subscription,9,5,6,3,3,5,5,5,7,7,70.2,HYPOTHESIS: Frequent workflow with identifiable owner; test incremental value over incumbent,Local field onboarding and weak data discipline
SAAS-040,21,Procurement and document management,SME vendor onboarding and document expiry,Facility groups; 50–250 staff; 100+ vendors,Global,Category spending/capability proxy [S16]; exact niche WTP UNKNOWN,UNKNOWN niche growth; no invented CAGR,Expired vendor documents block service and procurement,HYPOTHESIS: 7/10,HYPOTHESIS: Monthly or annual subscription,9,8,5,3,3,5,5,5,7,8,68.9,HYPOTHESIS: Frequent workflow with identifiable owner; test incremental value over incumbent,Enterprise approval chains; document validity requires humans
SAAS-017,22,Restaurant operations,Restaurant purchasing and recipe-cost variance,Restaurant groups; 3–15 locations,Morocco → Global,Category spending/capability proxy [S08]; exact niche WTP UNKNOWN,UNKNOWN niche growth; no invented CAGR,Supplier price changes erode contribution margin,HYPOTHESIS: 6/10,HYPOTHESIS: Monthly or annual subscription,9,6,5,3,3,5,5,5,6,7,68.7,HYPOTHESIS: Frequent workflow with identifiable owner; test incremental value over incumbent,Inventory discipline and low local WTP
SAAS-039,23,Dental clinical software,Full dental practice management,Dental practices; 1–10 dentists,Morocco,Category spending/capability proxy [S19;S03]; exact niche WTP UNKNOWN,UNKNOWN niche growth; no invented CAGR,"Scheduling, records and billing fragmentation",HYPOTHESIS: 7/10,HYPOTHESIS: Monthly or annual subscription,9,6,5,3,3,5,5,3,2,4,68.7,HYPOTHESIS: Frequent workflow with identifiable owner; test incremental value over incumbent,"REJECT full suite: health-data regulation, migration and entrenched tools"
SAAS-024,24,Customer support and AI agents,Generic AI customer-support agent,Online SMBs; 1000+ tickets/month,Global,Category spending/capability proxy [S27]; exact niche WTP UNKNOWN,UNKNOWN niche growth; no invented CAGR,Repeated support questions,HYPOTHESIS: 7/10,HYPOTHESIS: Monthly or annual subscription,9,7,3,3,3,5,5,2,6,10,65.6,HYPOTHESIS: Frequent workflow with identifiable owner; test incremental value over incumbent,REJECT generic: incumbents bundle AI; expensive failures
SAAS-027,25,Legal and contract management,SME contract renewal obligations,SMEs; 50–250 staff; 100+ contracts,Global,Category spending/capability proxy [S16]; exact niche WTP UNKNOWN,UNKNOWN niche growth; no invented CAGR,Missed renewals and obligation deadlines,HYPOTHESIS: 7/10,HYPOTHESIS: Monthly or annual subscription,9,7,4,3,3,5,5,4,6,8,65.5,HYPOTHESIS: Frequent workflow with identifiable owner; test incremental value over incumbent,"Legal review, confidentiality and infrequent engagement"
SAAS-028,26,Invoicing and accounting,Standalone compliant e-invoicing platform,VAT-registered SMEs,Europe,Category spending/capability proxy [S28;S08]; exact niche WTP UNKNOWN,UNKNOWN niche growth; no invented CAGR,Mandated electronic invoice exchange,HYPOTHESIS: 6/10,HYPOTHESIS: Monthly or annual subscription,9,6,4,3,3,5,5,2,2,5,65.4,HYPOTHESIS: Frequent workflow with identifiable owner; test incremental value over incumbent,REJECT own regulated network; integrate approved platforms instead
SAAS-038,27,Business communication,Horizontal WhatsApp team inbox,SMBs; 3–20 sales agents,Morocco → Global,Category spending/capability proxy [S04;S30]; exact niche WTP UNKNOWN,UNKNOWN niche growth; no invented CAGR,Shared-phone chaos,HYPOTHESIS: 5/10,HYPOTHESIS: Monthly or annual subscription,9,5,5,3,3,5,5,2,6,8,64.6,HYPOTHESIS: Frequent workflow with identifiable owner; test incremental value over incumbent,REJECT generic: platform dependence and many mature BSPs
SAAS-030,28,Workflow automation and iPaaS,Horizontal workflow automation platform,SMEs integrating many tools,Global,Category spending/capability proxy [S26]; exact niche WTP UNKNOWN,UNKNOWN niche growth; no invented CAGR,Repetitive cross-tool tasks,HYPOTHESIS: 7/10,HYPOTHESIS: Monthly or annual subscription,9,7,3,3,3,5,5,1,2,10,62.8,HYPOTHESIS: Frequent workflow with identifiable owner; test incremental value over incumbent,REJECT: connector maintenance and incumbent ecosystems
SAAS-018,29,HR,SME leave and employee document workflow,SMEs; 30–150 staff,Morocco,Category spending/capability proxy [S08]; exact niche WTP UNKNOWN,UNKNOWN niche growth; no invented CAGR,Leave approvals and personnel files fragmented,HYPOTHESIS: 5/10,HYPOTHESIS: Monthly or annual subscription,9,5,5,3,3,5,5,3,8,5,61.7,HYPOTHESIS: Frequent workflow with identifiable owner; test incremental value over incumbent,Payroll suites bundle it; weak incremental ROI
SAAS-025,30,Customer success,SMB customer-success health dashboard,B2B SaaS; 10–100 staff,Global,Category spending/capability proxy [S27]; exact niche WTP UNKNOWN,UNKNOWN niche growth; no invented CAGR,Churn signals fragmented,HYPOTHESIS: 7/10,HYPOTHESIS: Monthly or annual subscription,9,7,4,3,3,5,5,3,6,9,61.7,HYPOTHESIS: Frequent workflow with identifiable owner; test incremental value over incumbent,Nice-to-have unless embedded in renewal workflow
SAAS-036,31,Cybersecurity training,Localized employee cyber-awareness training,Regulated SMEs; 50–500 employees,Morocco → Africa,Category spending/capability proxy [S26]; exact niche WTP UNKNOWN,UNKNOWN niche growth; no invented CAGR,Phishing risk and staff training evidence,HYPOTHESIS: 6/10,HYPOTHESIS: Monthly or annual subscription,9,7,4,3,3,5,5,4,7,7,61.7,HYPOTHESIS: Frequent workflow with identifiable owner; test incremental value over incumbent,Renewal engagement weak; simulated phishing consent concerns
SAAS-021,32,CRM,Generic SME CRM,SMEs; 5–100 staff,Global,Category spending/capability proxy [S08]; exact niche WTP UNKNOWN,UNKNOWN niche growth; no invented CAGR,Untracked sales follow-ups,HYPOTHESIS: 6/10,HYPOTHESIS: Monthly or annual subscription,9,6,3,3,3,5,5,1,6,10,61.2,HYPOTHESIS: Frequent workflow with identifiable owner; test incremental value over incumbent,REJECT: weak wedge against established CRM platforms
SAAS-023,33,Advertising analytics,SMB multi-touch advertising attribution,DTC advertisers spending $20000+/month,Global,Category spending/capability proxy [S26]; exact niche WTP UNKNOWN,UNKNOWN niche growth; no invented CAGR,Conflicting attribution across channels,HYPOTHESIS: 7/10,HYPOTHESIS: Monthly or annual subscription,9,7,4,3,3,5,5,3,3,9,61.0,HYPOTHESIS: Frequent workflow with identifiable owner; test incremental value over incumbent,Platform restrictions and unprovable attribution; downgrade
SAAS-022,34,Lead generation and sales automation,Generic lead database and outbound sequencer,Sales teams; 5–50 reps,Global,Category spending/capability proxy [S26]; exact niche WTP UNKNOWN,UNKNOWN niche growth; no invented CAGR,Prospecting time and weak pipeline,HYPOTHESIS: 7/10,HYPOTHESIS: Monthly or annual subscription,9,7,3,3,3,5,5,1,4,10,59.7,HYPOTHESIS: Frequent workflow with identifiable owner; test incremental value over incumbent,"REJECT: data access, deliverability, privacy and commoditization"
SAAS-032,35,Project management,Generic project management,Knowledge-work teams,Global,Category spending/capability proxy [S18]; exact niche WTP UNKNOWN,UNKNOWN niche growth; no invented CAGR,Task coordination,HYPOTHESIS: 5/10,HYPOTHESIS: Monthly or annual subscription,9,5,2,3,3,5,5,1,7,10,56.2,HYPOTHESIS: Frequent workflow with identifiable owner; test incremental value over incumbent,REJECT: ubiquitous free and bundled tools
SAAS-031,36,Internal tools,Generic internal-tool builder,Technical SMBs,Global,Category spending/capability proxy [S26]; exact niche WTP UNKNOWN,UNKNOWN niche growth; no invented CAGR,Slow back-office tool development,HYPOTHESIS: 6/10,HYPOTHESIS: Monthly or annual subscription,9,6,3,3,3,5,5,1,3,10,56.1,HYPOTHESIS: Frequent workflow with identifiable owner; test incremental value over incumbent,REJECT: AI coding and incumbent platforms
SAAS-029,37,BI and reporting,Generic AI business-intelligence dashboard,SMEs with spreadsheet reports,Global,Category spending/capability proxy [S26]; exact niche WTP UNKNOWN,UNKNOWN niche growth; no invented CAGR,Manual reporting,HYPOTHESIS: 5/10,HYPOTHESIS: Monthly or annual subscription,9,5,3,3,3,5,5,1,6,10,53.9,HYPOTHESIS: Frequent workflow with identifiable owner; test incremental value over incumbent,REJECT: poor differentiation versus BI and spreadsheets
SAAS-035,38,Education and LMS,Generic learning management platform,Small training organizations,Global,Category spending/capability proxy [S21]; exact niche WTP UNKNOWN,UNKNOWN niche growth; no invented CAGR,Course distribution and learner records,HYPOTHESIS: 4/10,HYPOTHESIS: Monthly or annual subscription,9,4,3,3,3,5,5,1,7,9,51.8,HYPOTHESIS: Frequent workflow with identifiable owner; test incremental value over incumbent,REJECT: abundant free and mature alternatives
SAAS-026,39,Scheduling and booking,General appointment scheduling,Freelancers and microbusinesses,Global,Category spending/capability proxy [S20]; exact niche WTP UNKNOWN,UNKNOWN niche growth; no invented CAGR,Calendar coordination,HYPOTHESIS: 3/10,HYPOTHESIS: Monthly or annual subscription,9,2,3,3,3,5,5,1,9,10,50.3,HYPOTHESIS: Frequent workflow with identifiable owner; test incremental value over incumbent,REJECT: free/bundled substitutes and low ARPU
SAAS-037,40,AI automation and copilots,General-purpose autonomous AI employee,Unspecified SMB buyers,Global,Category spending/capability proxy [S27]; exact niche WTP UNKNOWN,UNKNOWN niche growth; no invented CAGR,Broad admin work,HYPOTHESIS: 5/10,HYPOTHESIS: Monthly or annual subscription,9,5,2,3,3,5,5,1,5,10,46.5,HYPOTHESIS: Frequent workflow with identifiable owner; test incremental value over incumbent,"REJECT: unspecified buyer, reliability, churn and usage cost"
