Opportunity ID,Competitor,Website,Country,Target Customer,Pricing,Free Plan,Core Features,AI Features,Main Strength,Main Weakness,Reviews / Sentiment,Market Position,Advertising Presence,SEO Strength,Why Customers Choose Them,Our Differentiation,Threat Level /10
SAAS-001,Chaser,https://chaserhq.com,UK (origin hypothesis; current HQ not verified),"AR reminders, integrations and forecasts",From USD259/mo shown; billing toggle confirm [S06],DATA NOT VERIFIED,"AR reminders, integrations and forecasts",DATA NOT VERIFIED,Established workflow coverage; incumbent trust (analyst assessment),Wedge hypothesis only: greater suite breadth may raise setup burden; no blanket localization weakness claimed,Indexed G2 praise for reminder automation; selected summary only [S31],Direct/adjacent comparison; capabilities not fully hands-on tested,DATA NOT VERIFIED; no Meta/Google ad-library audit,DATA NOT VERIFIED; no traffic/domain-authority measurement,"Existing integrations, suite coverage and switching inertia (hypothesis)",HYPOTHESIS: Encaisse Desk: Aging and missing-document queue + hands-on workflow baseline; must win side-by-side test,9
SAAS-001,Upflow,https://upflow.io,France/USA (origin hypothesis; current HQ not verified),AR and payments; modern finance teams,DATA NOT VERIFIED; pricing page legal terms only,Product page advertises free AR analytics; collection plan price UNKNOWN [S35],AR and payments; modern finance teams,"Vendor-described AR insights, collection and cash-matching agents [S35]",Established workflow coverage; incumbent trust (analyst assessment),Wedge hypothesis only: greater suite breadth may raise setup burden; no blanket localization weakness claimed,DATA NOT VERIFIED; no representative review sample collected,Direct/adjacent comparison; capabilities not fully hands-on tested,DATA NOT VERIFIED; no Meta/Google ad-library audit,DATA NOT VERIFIED; no traffic/domain-authority measurement,"Existing integrations, suite coverage and switching inertia (hypothesis)",HYPOTHESIS: Encaisse Desk: Aging and missing-document queue + hands-on workflow baseline; must win side-by-side test,8
SAAS-001,LeanPay,https://leanpay.io,France (origin hypothesis; current HQ not verified),"French-language AR, disputes and multichannel",Indexed from EUR135 excl.tax/mo; term confirm [S07],DATA NOT VERIFIED,"French-language AR, disputes and multichannel",DATA NOT VERIFIED,Established workflow coverage; incumbent trust (analyst assessment),Wedge hypothesis only: greater suite breadth may raise setup burden; no blanket localization weakness claimed,DATA NOT VERIFIED; no representative review sample collected,Direct/adjacent comparison; capabilities not fully hands-on tested,DATA NOT VERIFIED; no Meta/Google ad-library audit,DATA NOT VERIFIED; no traffic/domain-authority measurement,"Existing integrations, suite coverage and switching inertia (hypothesis)",HYPOTHESIS: Encaisse Desk: Aging and missing-document queue + hands-on workflow baseline; must win side-by-side test,9
SAAS-001,Esker,https://esker.com,France (origin hypothesis; current HQ not verified),Enterprise order-to-cash/document automation,DATA NOT VERIFIED; request quote,DATA NOT VERIFIED,Enterprise order-to-cash/document automation,DATA NOT VERIFIED,Established workflow coverage; incumbent trust (analyst assessment),Wedge hypothesis only: greater suite breadth may raise setup burden; no blanket localization weakness claimed,DATA NOT VERIFIED; no representative review sample collected,Direct/adjacent comparison; capabilities not fully hands-on tested,DATA NOT VERIFIED; no Meta/Google ad-library audit,DATA NOT VERIFIED; no traffic/domain-authority measurement,"Existing integrations, suite coverage and switching inertia (hypothesis)",HYPOTHESIS: Encaisse Desk: Aging and missing-document queue + hands-on workflow baseline; must win side-by-side test,8
SAAS-001,Odoo,https://odoo.com,Belgium (origin hypothesis; current HQ not verified),ERP with invoice follow-up and accounting,Geographic paid plans; One App Free conditions [S08],One App Free subject to scope [S08],ERP with invoice follow-up and accounting,DATA NOT VERIFIED,Established workflow coverage; incumbent trust (analyst assessment),Wedge hypothesis only: greater suite breadth may raise setup burden; no blanket localization weakness claimed,DATA NOT VERIFIED; no representative review sample collected,Direct/adjacent comparison; capabilities not fully hands-on tested,DATA NOT VERIFIED; no Meta/Google ad-library audit,DATA NOT VERIFIED; no traffic/domain-authority measurement,"Existing integrations, suite coverage and switching inertia (hypothesis)",HYPOTHESIS: Encaisse Desk: Aging and missing-document queue + hands-on workflow baseline; must win side-by-side test,9
SAAS-002,Jobber,https://getjobber.com,Canada (origin hypothesis; current HQ not verified),SMB home-service suite,Core USD39 monthly/29 annual equivalent [S09],No permanent free plan stated;14-day trial [S09],SMB home-service suite,Receptionist and quote drafting [S09],Established workflow coverage; incumbent trust (analyst assessment),Wedge hypothesis only: greater suite breadth may raise setup burden; no blanket localization weakness claimed,DATA NOT VERIFIED; no representative review sample collected,Direct/adjacent comparison; capabilities not fully hands-on tested,DATA NOT VERIFIED; no Meta/Google ad-library audit,DATA NOT VERIFIED; no traffic/domain-authority measurement,"Existing integrations, suite coverage and switching inertia (hypothesis)",HYPOTHESIS: Intervention Cash: Recurring visit scheduler + hands-on workflow baseline; must win side-by-side test,9
SAAS-002,Synchroteam,https://synchroteam.com,France (origin hypothesis; current HQ not verified),Multilingual field-service operations,Per-user; exact amount DATA NOT VERIFIED [S10],DATA NOT VERIFIED,Multilingual field-service operations,DATA NOT VERIFIED,Established workflow coverage; incumbent trust (analyst assessment),Wedge hypothesis only: greater suite breadth may raise setup burden; no blanket localization weakness claimed,DATA NOT VERIFIED; no representative review sample collected,Direct/adjacent comparison; capabilities not fully hands-on tested,DATA NOT VERIFIED; no Meta/Google ad-library audit,DATA NOT VERIFIED; no traffic/domain-authority measurement,"Existing integrations, suite coverage and switching inertia (hypothesis)",HYPOTHESIS: Intervention Cash: Recurring visit scheduler + hands-on workflow baseline; must win side-by-side test,8
SAAS-002,Praxedo,https://praxedo.com,France (origin hypothesis; current HQ not verified),Field-service scheduling and mobile execution,DATA NOT VERIFIED,DATA NOT VERIFIED,Field-service scheduling and mobile execution,DATA NOT VERIFIED,Established workflow coverage; incumbent trust (analyst assessment),Wedge hypothesis only: greater suite breadth may raise setup burden; no blanket localization weakness claimed,DATA NOT VERIFIED; no representative review sample collected,Direct/adjacent comparison; capabilities not fully hands-on tested,DATA NOT VERIFIED; no Meta/Google ad-library audit,DATA NOT VERIFIED; no traffic/domain-authority measurement,"Existing integrations, suite coverage and switching inertia (hypothesis)",HYPOTHESIS: Intervention Cash: Recurring visit scheduler + hands-on workflow baseline; must win side-by-side test,8
SAAS-002,Organilog,https://organilog.com,France (origin hypothesis; current HQ not verified),French field-service and intervention management,DATA NOT VERIFIED,DATA NOT VERIFIED,French field-service and intervention management,DATA NOT VERIFIED,Established workflow coverage; incumbent trust (analyst assessment),Wedge hypothesis only: greater suite breadth may raise setup burden; no blanket localization weakness claimed,DATA NOT VERIFIED; no representative review sample collected,Direct/adjacent comparison; capabilities not fully hands-on tested,DATA NOT VERIFIED; no Meta/Google ad-library audit,DATA NOT VERIFIED; no traffic/domain-authority measurement,"Existing integrations, suite coverage and switching inertia (hypothesis)",HYPOTHESIS: Intervention Cash: Recurring visit scheduler + hands-on workflow baseline; must win side-by-side test,8
SAAS-002,ServiceM8,https://servicem8.com,Australia (origin hypothesis; current HQ not verified),Small contractor job workflow,DATA NOT VERIFIED,DATA NOT VERIFIED,Small contractor job workflow,DATA NOT VERIFIED,Established workflow coverage; incumbent trust (analyst assessment),Wedge hypothesis only: greater suite breadth may raise setup burden; no blanket localization weakness claimed,DATA NOT VERIFIED; no representative review sample collected,Direct/adjacent comparison; capabilities not fully hands-on tested,DATA NOT VERIFIED; no Meta/Google ad-library audit,DATA NOT VERIFIED; no traffic/domain-authority measurement,"Existing integrations, suite coverage and switching inertia (hypothesis)",HYPOTHESIS: Intervention Cash: Recurring visit scheduler + hands-on workflow baseline; must win side-by-side test,8
SAAS-003,Dashdoc,https://dashdoc.com,France (origin hypothesis; current HQ not verified),TMS; dispatch to invoicing,DATA NOT VERIFIED [S11],DATA NOT VERIFIED,TMS; dispatch to invoicing,DATA NOT VERIFIED,Established workflow coverage; incumbent trust (analyst assessment),Wedge hypothesis only: greater suite breadth may raise setup burden; no blanket localization weakness claimed,DATA NOT VERIFIED; no representative review sample collected,Direct/adjacent comparison; capabilities not fully hands-on tested,DATA NOT VERIFIED; no Meta/Google ad-library audit,DATA NOT VERIFIED; no traffic/domain-authority measurement,"Existing integrations, suite coverage and switching inertia (hypothesis)",HYPOTHESIS: POD Close: Mobile POD upload + hands-on workflow baseline; must win side-by-side test,8
SAAS-003,Truckbase,https://truckbase.com,USA (origin hypothesis; current HQ not verified),Small carrier dispatch and back office,DATA NOT VERIFIED,DATA NOT VERIFIED,Small carrier dispatch and back office,DATA NOT VERIFIED,Established workflow coverage; incumbent trust (analyst assessment),Wedge hypothesis only: greater suite breadth may raise setup burden; no blanket localization weakness claimed,DATA NOT VERIFIED; no representative review sample collected,Direct/adjacent comparison; capabilities not fully hands-on tested,DATA NOT VERIFIED; no Meta/Google ad-library audit,DATA NOT VERIFIED; no traffic/domain-authority measurement,"Existing integrations, suite coverage and switching inertia (hypothesis)",HYPOTHESIS: POD Close: Mobile POD upload + hands-on workflow baseline; must win side-by-side test,8
SAAS-003,Rose Rocket,https://roserocket.com,Canada (origin hypothesis; current HQ not verified),Carrier/broker transport management,DATA NOT VERIFIED,DATA NOT VERIFIED,Carrier/broker transport management,DATA NOT VERIFIED,Established workflow coverage; incumbent trust (analyst assessment),Wedge hypothesis only: greater suite breadth may raise setup burden; no blanket localization weakness claimed,DATA NOT VERIFIED; no representative review sample collected,Direct/adjacent comparison; capabilities not fully hands-on tested,DATA NOT VERIFIED; no Meta/Google ad-library audit,DATA NOT VERIFIED; no traffic/domain-authority measurement,"Existing integrations, suite coverage and switching inertia (hypothesis)",HYPOTHESIS: POD Close: Mobile POD upload + hands-on workflow baseline; must win side-by-side test,8
SAAS-003,Track-POD,https://track-pod.com,DATA NOT VERIFIED,Route execution and POD,USD59 monthly/49 annual per driver min3 [S12],DATA NOT VERIFIED,Route execution and POD,DATA NOT VERIFIED,Established workflow coverage; incumbent trust (analyst assessment),Wedge hypothesis only: greater suite breadth may raise setup burden; no blanket localization weakness claimed,DATA NOT VERIFIED; no representative review sample collected,Direct/adjacent comparison; capabilities not fully hands-on tested,DATA NOT VERIFIED; no Meta/Google ad-library audit,DATA NOT VERIFIED; no traffic/domain-authority measurement,"Existing integrations, suite coverage and switching inertia (hypothesis)",HYPOTHESIS: POD Close: Mobile POD upload + hands-on workflow baseline; must win side-by-side test,8
SAAS-003,Onfleet,https://onfleet.com,USA (origin hypothesis; current HQ not verified),Last-mile delivery orchestration; adjacent,DATA NOT VERIFIED,DATA NOT VERIFIED,Last-mile delivery orchestration; adjacent,DATA NOT VERIFIED,Established workflow coverage; incumbent trust (analyst assessment),Wedge hypothesis only: greater suite breadth may raise setup burden; no blanket localization weakness claimed,DATA NOT VERIFIED; no representative review sample collected,Direct/adjacent comparison; capabilities not fully hands-on tested,DATA NOT VERIFIED; no Meta/Google ad-library audit,DATA NOT VERIFIED; no traffic/domain-authority measurement,"Existing integrations, suite coverage and switching inertia (hypothesis)",HYPOTHESIS: POD Close: Mobile POD upload + hands-on workflow baseline; must win side-by-side test,8
SAAS-004,Procore,https://procore.com,USA (origin hypothesis; current HQ not verified),Broad construction suite,Custom quote by products/volume [S13],DATA NOT VERIFIED,Broad construction suite,DATA NOT VERIFIED,Established workflow coverage; incumbent trust (analyst assessment),Wedge hypothesis only: greater suite breadth may raise setup burden; no blanket localization weakness claimed,DATA NOT VERIFIED; no representative review sample collected,Direct/adjacent comparison; capabilities not fully hands-on tested,DATA NOT VERIFIED; no Meta/Google ad-library audit,DATA NOT VERIFIED; no traffic/domain-authority measurement,"Existing integrations, suite coverage and switching inertia (hypothesis)",HYPOTHESIS: Variation Proof: Mobile change log + hands-on workflow baseline; must win side-by-side test,8
SAAS-004,Autodesk Construction,https://construction.autodesk.com,USA (origin hypothesis; current HQ not verified),Construction cost/document platform,DATA NOT VERIFIED,DATA NOT VERIFIED,Construction cost/document platform,DATA NOT VERIFIED,Established workflow coverage; incumbent trust (analyst assessment),Wedge hypothesis only: greater suite breadth may raise setup burden; no blanket localization weakness claimed,DATA NOT VERIFIED; no representative review sample collected,Direct/adjacent comparison; capabilities not fully hands-on tested,DATA NOT VERIFIED; no Meta/Google ad-library audit,DATA NOT VERIFIED; no traffic/domain-authority measurement,"Existing integrations, suite coverage and switching inertia (hypothesis)",HYPOTHESIS: Variation Proof: Mobile change log + hands-on workflow baseline; must win side-by-side test,8
SAAS-004,Buildertrend,https://buildertrend.com,USA (origin hypothesis; current HQ not verified),Builder management suite,DATA NOT VERIFIED,DATA NOT VERIFIED,Builder management suite,DATA NOT VERIFIED,Established workflow coverage; incumbent trust (analyst assessment),Wedge hypothesis only: greater suite breadth may raise setup burden; no blanket localization weakness claimed,DATA NOT VERIFIED; no representative review sample collected,Direct/adjacent comparison; capabilities not fully hands-on tested,DATA NOT VERIFIED; no Meta/Google ad-library audit,DATA NOT VERIFIED; no traffic/domain-authority measurement,"Existing integrations, suite coverage and switching inertia (hypothesis)",HYPOTHESIS: Variation Proof: Mobile change log + hands-on workflow baseline; must win side-by-side test,8
SAAS-004,Planyard,https://planyard.com,Estonia (origin hypothesis; current HQ not verified),Construction budgets and cost control,DATA NOT VERIFIED,DATA NOT VERIFIED,Construction budgets and cost control,DATA NOT VERIFIED,Established workflow coverage; incumbent trust (analyst assessment),Wedge hypothesis only: greater suite breadth may raise setup burden; no blanket localization weakness claimed,DATA NOT VERIFIED; no representative review sample collected,Direct/adjacent comparison; capabilities not fully hands-on tested,DATA NOT VERIFIED; no Meta/Google ad-library audit,DATA NOT VERIFIED; no traffic/domain-authority measurement,"Existing integrations, suite coverage and switching inertia (hypothesis)",HYPOTHESIS: Variation Proof: Mobile change log + hands-on workflow baseline; must win side-by-side test,8
SAAS-004,Knowify,https://knowify.com,USA (origin hypothesis; current HQ not verified),Trade contractor jobs and contract billing,Indexed USD149 monthly/99 annual equivalent [S14],DATA NOT VERIFIED,Trade contractor jobs and contract billing,DATA NOT VERIFIED,Established workflow coverage; incumbent trust (analyst assessment),Wedge hypothesis only: greater suite breadth may raise setup burden; no blanket localization weakness claimed,DATA NOT VERIFIED; no representative review sample collected,Direct/adjacent comparison; capabilities not fully hands-on tested,DATA NOT VERIFIED; no Meta/Google ad-library audit,DATA NOT VERIFIED; no traffic/domain-authority measurement,"Existing integrations, suite coverage and switching inertia (hypothesis)",HYPOTHESIS: Variation Proof: Mobile change log + hands-on workflow baseline; must win side-by-side test,8
SAAS-005,Conexiom,https://conexiom.com,Canada (origin hypothesis; current HQ not verified),ERP order automation,DATA NOT VERIFIED [S15],DATA NOT VERIFIED,ERP order automation,Vendor-described order extraction/ERP checks [S15],Established workflow coverage; incumbent trust (analyst assessment),Wedge hypothesis only: greater suite breadth may raise setup burden; no blanket localization weakness claimed,DATA NOT VERIFIED; no representative review sample collected,Direct/adjacent comparison; capabilities not fully hands-on tested,DATA NOT VERIFIED; no Meta/Google ad-library audit,DATA NOT VERIFIED; no traffic/domain-authority measurement,"Existing integrations, suite coverage and switching inertia (hypothesis)",HYPOTHESIS: Order Intake Desk: PDF table extraction + hands-on workflow baseline; must win side-by-side test,9
SAAS-005,Esker,https://esker.com,France (origin hypothesis; current HQ not verified),Order entry and enterprise document AI,DATA NOT VERIFIED,DATA NOT VERIFIED,Order entry and enterprise document AI,DATA NOT VERIFIED,Established workflow coverage; incumbent trust (analyst assessment),Wedge hypothesis only: greater suite breadth may raise setup burden; no blanket localization weakness claimed,DATA NOT VERIFIED; no representative review sample collected,Direct/adjacent comparison; capabilities not fully hands-on tested,DATA NOT VERIFIED; no Meta/Google ad-library audit,DATA NOT VERIFIED; no traffic/domain-authority measurement,"Existing integrations, suite coverage and switching inertia (hypothesis)",HYPOTHESIS: Order Intake Desk: PDF table extraction + hands-on workflow baseline; must win side-by-side test,8
SAAS-005,OrderEase,https://orderease.com,Canada (origin hypothesis; current HQ not verified),Wholesale order ecosystem,DATA NOT VERIFIED,DATA NOT VERIFIED,Wholesale order ecosystem,DATA NOT VERIFIED,Established workflow coverage; incumbent trust (analyst assessment),Wedge hypothesis only: greater suite breadth may raise setup burden; no blanket localization weakness claimed,DATA NOT VERIFIED; no representative review sample collected,Direct/adjacent comparison; capabilities not fully hands-on tested,DATA NOT VERIFIED; no Meta/Google ad-library audit,DATA NOT VERIFIED; no traffic/domain-authority measurement,"Existing integrations, suite coverage and switching inertia (hypothesis)",HYPOTHESIS: Order Intake Desk: PDF table extraction + hands-on workflow baseline; must win side-by-side test,8
SAAS-005,Pepper,https://usepepper.com,USA (origin hypothesis; current HQ not verified),Food distributor ordering; adjacent,DATA NOT VERIFIED,DATA NOT VERIFIED,Food distributor ordering; adjacent,DATA NOT VERIFIED,Established workflow coverage; incumbent trust (analyst assessment),Wedge hypothesis only: greater suite breadth may raise setup burden; no blanket localization weakness claimed,DATA NOT VERIFIED; no representative review sample collected,Direct/adjacent comparison; capabilities not fully hands-on tested,DATA NOT VERIFIED; no Meta/Google ad-library audit,DATA NOT VERIFIED; no traffic/domain-authority measurement,"Existing integrations, suite coverage and switching inertia (hypothesis)",HYPOTHESIS: Order Intake Desk: PDF table extraction + hands-on workflow baseline; must win side-by-side test,8
SAAS-005,Odoo,https://odoo.com,Belgium (origin hypothesis; current HQ not verified),ERP-native sales and inventory,Geographic plans; One App Free conditions [S08],One App Free subject to scope [S08],ERP-native sales and inventory,DATA NOT VERIFIED,Established workflow coverage; incumbent trust (analyst assessment),Wedge hypothesis only: greater suite breadth may raise setup burden; no blanket localization weakness claimed,DATA NOT VERIFIED; no representative review sample collected,Direct/adjacent comparison; capabilities not fully hands-on tested,DATA NOT VERIFIED; no Meta/Google ad-library audit,DATA NOT VERIFIED; no traffic/domain-authority measurement,"Existing integrations, suite coverage and switching inertia (hypothesis)",HYPOTHESIS: Order Intake Desk: PDF table extraction + hands-on workflow baseline; must win side-by-side test,9
SAAS-006,Loopio,https://loopio.com,Canada (origin hypothesis; current HQ not verified),RFP response library and collaboration,10-seat Foundations; price UNKNOWN [S16],DATA NOT VERIFIED,RFP response library and collaboration,DATA NOT VERIFIED,Established workflow coverage; incumbent trust (analyst assessment),Wedge hypothesis only: greater suite breadth may raise setup burden; no blanket localization weakness claimed,DATA NOT VERIFIED; no representative review sample collected,Direct/adjacent comparison; capabilities not fully hands-on tested,DATA NOT VERIFIED; no Meta/Google ad-library audit,DATA NOT VERIFIED; no traffic/domain-authority measurement,"Existing integrations, suite coverage and switching inertia (hypothesis)",HYPOTHESIS: Bid Evidence: Tender import + hands-on workflow baseline; must win side-by-side test,8
SAAS-006,Responsive,https://responsive.io,USA (origin hypothesis; current HQ not verified),Response management,DATA NOT VERIFIED,DATA NOT VERIFIED,Response management,DATA NOT VERIFIED,Established workflow coverage; incumbent trust (analyst assessment),Wedge hypothesis only: greater suite breadth may raise setup burden; no blanket localization weakness claimed,DATA NOT VERIFIED; no representative review sample collected,Direct/adjacent comparison; capabilities not fully hands-on tested,DATA NOT VERIFIED; no Meta/Google ad-library audit,DATA NOT VERIFIED; no traffic/domain-authority measurement,"Existing integrations, suite coverage and switching inertia (hypothesis)",HYPOTHESIS: Bid Evidence: Tender import + hands-on workflow baseline; must win side-by-side test,8
SAAS-006,AutoRFP.ai,https://autorfp.ai,Australia (origin hypothesis; current HQ not verified),AI response automation,USD899/mo paid yearly;24 projects/year [S17],"Paid30-day qualifying money-back, not free [S17]",AI response automation,Cited AI response automation [S17],Established workflow coverage; incumbent trust (analyst assessment),Wedge hypothesis only: greater suite breadth may raise setup burden; no blanket localization weakness claimed,DATA NOT VERIFIED; no representative review sample collected,Direct/adjacent comparison; capabilities not fully hands-on tested,DATA NOT VERIFIED; no Meta/Google ad-library audit,DATA NOT VERIFIED; no traffic/domain-authority measurement,"Existing integrations, suite coverage and switching inertia (hypothesis)",HYPOTHESIS: Bid Evidence: Tender import + hands-on workflow baseline; must win side-by-side test,8
SAAS-006,Inventive AI,https://inventive.ai,USA (origin hypothesis; current HQ not verified),AI RFP responses,DATA NOT VERIFIED,DATA NOT VERIFIED,AI RFP responses,DATA NOT VERIFIED,Established workflow coverage; incumbent trust (analyst assessment),Wedge hypothesis only: greater suite breadth may raise setup burden; no blanket localization weakness claimed,DATA NOT VERIFIED; no representative review sample collected,Direct/adjacent comparison; capabilities not fully hands-on tested,DATA NOT VERIFIED; no Meta/Google ad-library audit,DATA NOT VERIFIED; no traffic/domain-authority measurement,"Existing integrations, suite coverage and switching inertia (hypothesis)",HYPOTHESIS: Bid Evidence: Tender import + hands-on workflow baseline; must win side-by-side test,8
SAAS-006,SiftHub,https://sifthub.io,DATA NOT VERIFIED,AI sales/response knowledge,DATA NOT VERIFIED,DATA NOT VERIFIED,AI sales/response knowledge,DATA NOT VERIFIED,Established workflow coverage; incumbent trust (analyst assessment),Wedge hypothesis only: greater suite breadth may raise setup burden; no blanket localization weakness claimed,DATA NOT VERIFIED; no representative review sample collected,Direct/adjacent comparison; capabilities not fully hands-on tested,DATA NOT VERIFIED; no Meta/Google ad-library audit,DATA NOT VERIFIED; no traffic/domain-authority measurement,"Existing integrations, suite coverage and switching inertia (hypothesis)",HYPOTHESIS: Bid Evidence: Tender import + hands-on workflow baseline; must win side-by-side test,8
SAAS-007,Productive,https://productive.io,Croatia (origin hypothesis; current HQ not verified),"Agency budgets, resources and margins",DATA NOT VERIFIED: crawler pricing inconsistent [S18],DATA NOT VERIFIED,"Agency budgets, resources and margins",AI assistant/time tracking/reporting [S18],Established workflow coverage; incumbent trust (analyst assessment),Wedge hypothesis only: greater suite breadth may raise setup burden; no blanket localization weakness claimed,DATA NOT VERIFIED; no representative review sample collected,Direct/adjacent comparison; capabilities not fully hands-on tested,DATA NOT VERIFIED; no Meta/Google ad-library audit,DATA NOT VERIFIED; no traffic/domain-authority measurement,"Existing integrations, suite coverage and switching inertia (hypothesis)",HYPOTHESIS: Margin Guard: Time CSV import + hands-on workflow baseline; must win side-by-side test,9
SAAS-007,Scoro,https://scoro.com,Estonia (origin hypothesis; current HQ not verified),Professional service work management,DATA NOT VERIFIED,DATA NOT VERIFIED,Professional service work management,DATA NOT VERIFIED,Established workflow coverage; incumbent trust (analyst assessment),Wedge hypothesis only: greater suite breadth may raise setup burden; no blanket localization weakness claimed,DATA NOT VERIFIED; no representative review sample collected,Direct/adjacent comparison; capabilities not fully hands-on tested,DATA NOT VERIFIED; no Meta/Google ad-library audit,DATA NOT VERIFIED; no traffic/domain-authority measurement,"Existing integrations, suite coverage and switching inertia (hypothesis)",HYPOTHESIS: Margin Guard: Time CSV import + hands-on workflow baseline; must win side-by-side test,8
SAAS-007,Teamwork,https://teamwork.com,Ireland (origin hypothesis; current HQ not verified),Client project and time management,DATA NOT VERIFIED,DATA NOT VERIFIED,Client project and time management,DATA NOT VERIFIED,Established workflow coverage; incumbent trust (analyst assessment),Wedge hypothesis only: greater suite breadth may raise setup burden; no blanket localization weakness claimed,DATA NOT VERIFIED; no representative review sample collected,Direct/adjacent comparison; capabilities not fully hands-on tested,DATA NOT VERIFIED; no Meta/Google ad-library audit,DATA NOT VERIFIED; no traffic/domain-authority measurement,"Existing integrations, suite coverage and switching inertia (hypothesis)",HYPOTHESIS: Margin Guard: Time CSV import + hands-on workflow baseline; must win side-by-side test,8
SAAS-007,Accelo,https://accelo.com,USA/Australia (origin hypothesis; current HQ not verified),Professional services automation,DATA NOT VERIFIED,DATA NOT VERIFIED,Professional services automation,DATA NOT VERIFIED,Established workflow coverage; incumbent trust (analyst assessment),Wedge hypothesis only: greater suite breadth may raise setup burden; no blanket localization weakness claimed,DATA NOT VERIFIED; no representative review sample collected,Direct/adjacent comparison; capabilities not fully hands-on tested,DATA NOT VERIFIED; no Meta/Google ad-library audit,DATA NOT VERIFIED; no traffic/domain-authority measurement,"Existing integrations, suite coverage and switching inertia (hypothesis)",HYPOTHESIS: Margin Guard: Time CSV import + hands-on workflow baseline; must win side-by-side test,8
SAAS-007,Harvest,https://getharvest.com,USA (origin hypothesis; current HQ not verified),Time and invoicing; lower-cost adjacent,DATA NOT VERIFIED,DATA NOT VERIFIED,Time and invoicing; lower-cost adjacent,DATA NOT VERIFIED,Established workflow coverage; incumbent trust (analyst assessment),Wedge hypothesis only: greater suite breadth may raise setup burden; no blanket localization weakness claimed,DATA NOT VERIFIED; no representative review sample collected,Direct/adjacent comparison; capabilities not fully hands-on tested,DATA NOT VERIFIED; no Meta/Google ad-library audit,DATA NOT VERIFIED; no traffic/domain-authority measurement,"Existing integrations, suite coverage and switching inertia (hypothesis)",HYPOTHESIS: Margin Guard: Time CSV import + hands-on workflow baseline; must win side-by-side test,8
SAAS-008,DabaDoc,https://dabadoc.com,Morocco (origin hypothesis; current HQ not verified),Local doctor bookings and agenda,Professional fees UNKNOWN [S19],DATA NOT VERIFIED,Local doctor bookings and agenda,DATA NOT VERIFIED,Established workflow coverage; incumbent trust (analyst assessment),Wedge hypothesis only: greater suite breadth may raise setup burden; no blanket localization weakness claimed,DATA NOT VERIFIED; no representative review sample collected,Direct/adjacent comparison; capabilities not fully hands-on tested,DATA NOT VERIFIED; no Meta/Google ad-library audit,DATA NOT VERIFIED; no traffic/domain-authority measurement,"Existing integrations, suite coverage and switching inertia (hypothesis)",HYPOTHESIS: Slot Refill: Consent/preferences + hands-on workflow baseline; must win side-by-side test,9
SAAS-008,Cliniko,https://cliniko.com,Australia (origin hypothesis; current HQ not verified),Allied-health practice management,Numeric grid UNKNOWN;30-day trial [S20],30-day trial; no general free plan [S20],Allied-health practice management,DATA NOT VERIFIED,Established workflow coverage; incumbent trust (analyst assessment),Wedge hypothesis only: greater suite breadth may raise setup burden; no blanket localization weakness claimed,DATA NOT VERIFIED; no representative review sample collected,Direct/adjacent comparison; capabilities not fully hands-on tested,DATA NOT VERIFIED; no Meta/Google ad-library audit,DATA NOT VERIFIED; no traffic/domain-authority measurement,"Existing integrations, suite coverage and switching inertia (hypothesis)",HYPOTHESIS: Slot Refill: Consent/preferences + hands-on workflow baseline; must win side-by-side test,8
SAAS-008,Doctolib,https://doctolib.fr,France (origin hypothesis; current HQ not verified),Health booking and practice management,DATA NOT VERIFIED,DATA NOT VERIFIED,Health booking and practice management,DATA NOT VERIFIED,Established workflow coverage; incumbent trust (analyst assessment),Wedge hypothesis only: greater suite breadth may raise setup burden; no blanket localization weakness claimed,DATA NOT VERIFIED; no representative review sample collected,Direct/adjacent comparison; capabilities not fully hands-on tested,DATA NOT VERIFIED; no Meta/Google ad-library audit,DATA NOT VERIFIED; no traffic/domain-authority measurement,"Existing integrations, suite coverage and switching inertia (hypothesis)",HYPOTHESIS: Slot Refill: Consent/preferences + hands-on workflow baseline; must win side-by-side test,8
SAAS-008,SimplyBook.me,https://simplybook.me,DATA NOT VERIFIED,General booking platform; adjacent,DATA NOT VERIFIED,DATA NOT VERIFIED,General booking platform; adjacent,DATA NOT VERIFIED,Established workflow coverage; incumbent trust (analyst assessment),Wedge hypothesis only: greater suite breadth may raise setup burden; no blanket localization weakness claimed,DATA NOT VERIFIED; no representative review sample collected,Direct/adjacent comparison; capabilities not fully hands-on tested,DATA NOT VERIFIED; no Meta/Google ad-library audit,DATA NOT VERIFIED; no traffic/domain-authority measurement,"Existing integrations, suite coverage and switching inertia (hypothesis)",HYPOTHESIS: Slot Refill: Consent/preferences + hands-on workflow baseline; must win side-by-side test,8
SAAS-008,Jane,https://jane.app,Canada (origin hypothesis; current HQ not verified),"Clinic booking, billing and notes",DATA NOT VERIFIED,DATA NOT VERIFIED,"Clinic booking, billing and notes",DATA NOT VERIFIED,Established workflow coverage; incumbent trust (analyst assessment),Wedge hypothesis only: greater suite breadth may raise setup burden; no blanket localization weakness claimed,DATA NOT VERIFIED; no representative review sample collected,Direct/adjacent comparison; capabilities not fully hands-on tested,DATA NOT VERIFIED; no Meta/Google ad-library audit,DATA NOT VERIFIED; no traffic/domain-authority measurement,"Existing integrations, suite coverage and switching inertia (hypothesis)",HYPOTHESIS: Slot Refill: Consent/preferences + hands-on workflow baseline; must win side-by-side test,8
SAAS-009,Eduka,https://edukasoftware.com,DATA NOT VERIFIED,International/francophone school suite,Indexed from EUR34; finance scope confirm [S21],"Express <=100 pupils, finance scope confirm [S21]",International/francophone school suite,DATA NOT VERIFIED,Established workflow coverage; incumbent trust (analyst assessment),Wedge hypothesis only: greater suite breadth may raise setup burden; no blanket localization weakness claimed,DATA NOT VERIFIED; no representative review sample collected,Direct/adjacent comparison; capabilities not fully hands-on tested,DATA NOT VERIFIED; no Meta/Google ad-library audit,DATA NOT VERIFIED; no traffic/domain-authority measurement,"Existing integrations, suite coverage and switching inertia (hypothesis)",HYPOTHESIS: Frais Clairs: Bank CSV matching + hands-on workflow baseline; must win side-by-side test,9
SAAS-009,E-Schools,https://e-schools.ma,Morocco (origin hypothesis; current HQ not verified),Local school suite and billing,DATA NOT VERIFIED [S22],DATA NOT VERIFIED,Local school suite and billing,DATA NOT VERIFIED,Established workflow coverage; incumbent trust (analyst assessment),Wedge hypothesis only: greater suite breadth may raise setup burden; no blanket localization weakness claimed,DATA NOT VERIFIED; no representative review sample collected,Direct/adjacent comparison; capabilities not fully hands-on tested,DATA NOT VERIFIED; no Meta/Google ad-library audit,DATA NOT VERIFIED; no traffic/domain-authority measurement,"Existing integrations, suite coverage and switching inertia (hypothesis)",HYPOTHESIS: Frais Clairs: Bank CSV matching + hands-on workflow baseline; must win side-by-side test,8
SAAS-009,Minassa,https://minassa.ma,Morocco (origin hypothesis; current HQ not verified),Moroccan school administration/payments,DATA NOT VERIFIED [S22],DATA NOT VERIFIED,Moroccan school administration/payments,DATA NOT VERIFIED,Established workflow coverage; incumbent trust (analyst assessment),Wedge hypothesis only: greater suite breadth may raise setup burden; no blanket localization weakness claimed,DATA NOT VERIFIED; no representative review sample collected,Direct/adjacent comparison; capabilities not fully hands-on tested,DATA NOT VERIFIED; no Meta/Google ad-library audit,DATA NOT VERIFIED; no traffic/domain-authority measurement,"Existing integrations, suite coverage and switching inertia (hypothesis)",HYPOTHESIS: Frais Clairs: Bank CSV matching + hands-on workflow baseline; must win side-by-side test,8
SAAS-009,Classter,https://classter.com,Greece (origin hypothesis; current HQ not verified),School/student information suite,DATA NOT VERIFIED,DATA NOT VERIFIED,School/student information suite,DATA NOT VERIFIED,Established workflow coverage; incumbent trust (analyst assessment),Wedge hypothesis only: greater suite breadth may raise setup burden; no blanket localization weakness claimed,DATA NOT VERIFIED; no representative review sample collected,Direct/adjacent comparison; capabilities not fully hands-on tested,DATA NOT VERIFIED; no Meta/Google ad-library audit,DATA NOT VERIFIED; no traffic/domain-authority measurement,"Existing integrations, suite coverage and switching inertia (hypothesis)",HYPOTHESIS: Frais Clairs: Bank CSV matching + hands-on workflow baseline; must win side-by-side test,8
SAAS-009,Fedena,https://fedena.com,India (origin hypothesis; current HQ not verified),School ERP,DATA NOT VERIFIED,DATA NOT VERIFIED,School ERP,DATA NOT VERIFIED,Established workflow coverage; incumbent trust (analyst assessment),Wedge hypothesis only: greater suite breadth may raise setup burden; no blanket localization weakness claimed,DATA NOT VERIFIED; no representative review sample collected,Direct/adjacent comparison; capabilities not fully hands-on tested,DATA NOT VERIFIED; no Meta/Google ad-library audit,DATA NOT VERIFIED; no traffic/domain-authority measurement,"Existing integrations, suite coverage and switching inertia (hypothesis)",HYPOTHESIS: Frais Clairs: Bank CSV matching + hands-on workflow baseline; must win side-by-side test,8
SAAS-010,MaintainX,https://getmaintainx.com,USA (origin hypothesis; current HQ not verified),Mobile maintenance/work orders,Essential USD25 monthly/20 annual per user [S23],Basic free [S23],Mobile maintenance/work orders,Procedure generation/anomaly tools [S23],Established workflow coverage; incumbent trust (analyst assessment),Wedge hypothesis only: greater suite breadth may raise setup burden; no blanket localization weakness claimed,Capterra mobile praise; some connectivity complaints; selected summary [S24],Direct/adjacent comparison; capabilities not fully hands-on tested,DATA NOT VERIFIED; no Meta/Google ad-library audit,DATA NOT VERIFIED; no traffic/domain-authority measurement,"Existing integrations, suite coverage and switching inertia (hypothesis)",HYPOTHESIS: Maintenance Evidence: Recurring checklist + hands-on workflow baseline; must win side-by-side test,9
SAAS-010,UpKeep,https://upkeep.com,USA (origin hypothesis; current HQ not verified),Mobile CMMS,DATA NOT VERIFIED,DATA NOT VERIFIED,Mobile CMMS,DATA NOT VERIFIED,Established workflow coverage; incumbent trust (analyst assessment),Wedge hypothesis only: greater suite breadth may raise setup burden; no blanket localization weakness claimed,DATA NOT VERIFIED; no representative review sample collected,Direct/adjacent comparison; capabilities not fully hands-on tested,DATA NOT VERIFIED; no Meta/Google ad-library audit,DATA NOT VERIFIED; no traffic/domain-authority measurement,"Existing integrations, suite coverage and switching inertia (hypothesis)",HYPOTHESIS: Maintenance Evidence: Recurring checklist + hands-on workflow baseline; must win side-by-side test,8
SAAS-010,Limble,https://limblecmms.com,USA (origin hypothesis; current HQ not verified),Maintenance and assets,DATA NOT VERIFIED,DATA NOT VERIFIED,Maintenance and assets,DATA NOT VERIFIED,Established workflow coverage; incumbent trust (analyst assessment),Wedge hypothesis only: greater suite breadth may raise setup burden; no blanket localization weakness claimed,DATA NOT VERIFIED; no representative review sample collected,Direct/adjacent comparison; capabilities not fully hands-on tested,DATA NOT VERIFIED; no Meta/Google ad-library audit,DATA NOT VERIFIED; no traffic/domain-authority measurement,"Existing integrations, suite coverage and switching inertia (hypothesis)",HYPOTHESIS: Maintenance Evidence: Recurring checklist + hands-on workflow baseline; must win side-by-side test,8
SAAS-010,Fiix,https://fiixsoftware.com,Canada (origin hypothesis; current HQ not verified),CMMS and asset intelligence,DATA NOT VERIFIED,DATA NOT VERIFIED,CMMS and asset intelligence,DATA NOT VERIFIED,Established workflow coverage; incumbent trust (analyst assessment),Wedge hypothesis only: greater suite breadth may raise setup burden; no blanket localization weakness claimed,DATA NOT VERIFIED; no representative review sample collected,Direct/adjacent comparison; capabilities not fully hands-on tested,DATA NOT VERIFIED; no Meta/Google ad-library audit,DATA NOT VERIFIED; no traffic/domain-authority measurement,"Existing integrations, suite coverage and switching inertia (hypothesis)",HYPOTHESIS: Maintenance Evidence: Recurring checklist + hands-on workflow baseline; must win side-by-side test,8
SAAS-010,Mobility Work,https://mobility-work.com,France (origin hypothesis; current HQ not verified),Maintenance-management platform,DATA NOT VERIFIED,DATA NOT VERIFIED,Maintenance-management platform,DATA NOT VERIFIED,Established workflow coverage; incumbent trust (analyst assessment),Wedge hypothesis only: greater suite breadth may raise setup burden; no blanket localization weakness claimed,DATA NOT VERIFIED; no representative review sample collected,Direct/adjacent comparison; capabilities not fully hands-on tested,DATA NOT VERIFIED; no Meta/Google ad-library audit,DATA NOT VERIFIED; no traffic/domain-authority measurement,"Existing integrations, suite coverage and switching inertia (hypothesis)",HYPOTHESIS: Maintenance Evidence: Recurring checklist + hands-on workflow baseline; must win side-by-side test,8
